Date,Symbol,Series,Prev Close,Open,High,Low,Last,Close,VWAP,Volume,Turnover,Trades,Deliverable Volume,%Deliverble
2021-01-01,ACC,EQ,1617.65,1617.2,1632.0,1615.65,1626.0,1626.1,1625.61,647892,105321718725000.0,19780,96651,0.1492
2021-01-04,ACC,EQ,1626.1,1634.0,1649.0,1628.0,1643.65,1641.4,1638.51,1446174,236957145930000.03,43847,412528,0.2853
2021-01-05,ACC,EQ,1641.4,1639.95,1655.25,1629.25,1646.0,1645.3,1640.97,1229551,201765800110000.0,76534,342348,0.2784
2021-01-06,ACC,EQ,1645.3,1658.0,1679.0,1641.0,1673.5,1674.45,1661.75,1755315,291688698780000.0,47451,350684,0.1998
2021-01-07,ACC,EQ,1674.45,1691.25,1720.0,1683.2,1710.0,1704.35,1704.87,2052711,349961124020000.0,62516,519453,0.2531
2021-01-08,ACC,EQ,1704.35,1720.0,1769.55,1713.05,1760.0,1761.25,1747.51,2133816,372886767195000.0,64866,906875,0.425
2021-01-11,ACC,EQ,1761.25,1743.95,1799.0,1743.5,1781.2,1787.05,1778.39,1677994,298413385295000.0,60452,402495,0.2399
2021-01-12,ACC,EQ,1787.05,1783.0,1814.0,1775.1,1794.1,1795.1,1798.49,1505259,270719975144999.97,44435,430021,0.2857
2021-01-13,ACC,EQ,1795.1,1795.15,1811.7,1771.1,1788.95,1792.4,1794.46,922665,165568431085000.0,26144,214291,0.2323
2021-01-14,ACC,EQ,1792.4,1790.0,1805.0,1773.0,1782.5,1785.5,1784.4,627682,112003668490000.02,26372,197345,0.3144
2021-01-15,ACC,EQ,1785.5,1780.0,1785.9,1718.25,1740.5,1740.1,1742.85,1238841,215910942950000.0,37746,299493,0.24180000000000001
2021-01-18,ACC,EQ,1740.1,1738.0,1746.35,1670.25,1701.3,1701.5,1696.61,965219,163760064910000.0,32488,303329,0.3143
2021-01-19,ACC,EQ,1701.5,1703.6,1720.9,1690.0,1715.0,1712.4,1707.39,1062139,181348100915000.0,29102,286275,0.2695
2021-01-20,ACC,EQ,1712.4,1714.0,1718.65,1688.0,1709.0,1710.05,1702.76,841615,143306996380000.0,43261,166405,0.1977
2021-01-21,ACC,EQ,1710.05,1720.4,1726.65,1656.0,1674.0,1665.75,1695.19,1486010,251907123860000.0,47484,514853,0.3465
2021-01-22,ACC,EQ,1665.75,1674.0,1708.95,1653.25,1697.6,1694.85,1688.75,1280708,216279170660000.0,37358,333592,0.2605
2021-01-25,ACC,EQ,1694.85,1724.55,1725.65,1658.0,1667.9,1663.15,1689.11,905403,152932260135000.0,26100,178674,0.1973
2021-01-27,ACC,EQ,1663.15,1657.7,1675.95,1624.2,1628.2,1637.85,1654.36,891651,147510922420000.0,34876,181316,0.20329999999999998
2021-01-28,ACC,EQ,1637.85,1617.85,1638.9,1608.1,1630.4,1633.1,1623.45,584432,94879421525000.0,18914,134066,0.22940000000000002
2021-01-29,ACC,EQ,1633.1,1645.0,1655.0,1593.4,1605.0,1603.85,1632.07,859756,140317828684999.98,25525,256398,0.2982
2021-02-01,ACC,EQ,1603.85,1625.0,1696.95,1584.2,1690.0,1685.45,1647.34,952374,156888524500000.0,35699,176867,0.1857
2021-02-02,ACC,EQ,1685.45,1700.0,1784.0,1691.05,1763.75,1762.85,1753.04,1697944,297656710385000.0,58464,480697,0.2831
2021-02-03,ACC,EQ,1762.85,1770.0,1783.95,1719.8,1732.0,1727.65,1749.51,893327,156288322090000.0,30070,220158,0.2464
2021-02-04,ACC,EQ,1727.65,1734.5,1761.4,1716.35,1752.15,1748.95,1738.94,952288,165597497460000.0,30695,278847,0.2928
2021-02-05,ACC,EQ,1748.95,1755.0,1763.0,1715.0,1722.25,1723.0,1735.07,1089231,188989350355000.0,35208,248749,0.2284
2021-02-08,ACC,EQ,1723.0,1736.0,1776.0,1727.0,1765.05,1763.9,1764.0,1247842,220119331685000.0,51013,228456,0.18309999999999998
2021-02-09,ACC,EQ,1763.9,1771.85,1779.0,1753.25,1765.9,1761.65,1767.76,791259,139875934525000.0,31932,263287,0.33270000000000005
2021-02-10,ACC,EQ,1761.65,1769.0,1802.45,1747.0,1758.0,1761.75,1771.95,1419214,251477131794999.97,53690,208785,0.1471
2021-02-11,ACC,EQ,1761.75,1750.0,1790.0,1742.0,1770.95,1775.95,1773.34,1521543,269821985655000.03,39638,389990,0.2563
2021-02-12,ACC,EQ,1775.95,1751.0,1813.6,1716.1,1763.55,1765.75,1772.21,3673122,650954252190000.0,109772,795063,0.2165
2021-02-15,ACC,EQ,1765.75,1785.0,1798.0,1766.65,1787.25,1788.05,1786.1,911884,162871598570000.0,25611,103248,0.11320000000000001
2021-02-16,ACC,EQ,1788.05,1791.0,1843.55,1784.95,1820.0,1819.3,1819.37,1937730,352545490865000.0,57169,226668,0.11699999999999999
2021-02-17,ACC,EQ,1819.3,1820.0,1837.0,1807.0,1820.3,1819.75,1822.77,860949,156931598625000.0,27359,85928,0.0998
2021-02-18,ACC,EQ,1819.75,1833.1,1838.1,1775.15,1788.9,1787.9,1805.49,634760,114605267365000.02,22711,89490,0.141
2021-02-19,ACC,EQ,1787.9,1800.0,1801.75,1735.5,1749.95,1747.35,1766.36,767848,135629736184999.98,22190,119992,0.15630000000000002
2021-02-22,ACC,EQ,1747.35,1749.8,1754.9,1689.65,1704.0,1700.35,1722.31,533284,91848107815000.0,22437,87153,0.1634
2021-02-23,ACC,EQ,1700.35,1714.9,1724.95,1686.05,1703.45,1697.05,1706.13,735863,125547845940000.02,23014,127346,0.1731
2021-02-24,ACC,EQ,1697.05,1708.0,1745.0,1708.0,1737.0,1730.65,1726.85,481605,83165936675000.0,17289,151267,0.3141
2021-02-25,ACC,EQ,1730.65,1742.0,1810.0,1730.1,1808.7,1801.25,1767.32,1114144,196905090715000.0,43041,321160,0.2883
2021-02-26,ACC,EQ,1801.25,1780.0,1847.0,1712.0,1722.0,1733.2,1796.71,2973895,534322514455000.0,101395,511328,0.17190000000000003
2021-03-01,ACC,EQ,1733.2,1754.4,1779.85,1725.7,1771.2,1774.4,1754.08,890744,156244043365000.0,34991,212673,0.23879999999999998
2021-03-02,ACC,EQ,1774.4,1779.0,1812.95,1760.05,1773.0,1771.8,1782.15,824150,146876218435000.0,26093,218314,0.26489999999999997
2021-03-03,ACC,EQ,1771.8,1784.0,1817.75,1773.2,1794.25,1796.4,1793.71,841356,150914886790000.0,33863,212289,0.2523
2021-03-04,ACC,EQ,1796.4,1774.2,1863.9,1765.25,1858.55,1853.7,1829.66,1152626,210891289250000.0,40249,313888,0.2723
2021-03-05,ACC,EQ,1853.7,1859.0,1894.0,1812.5,1825.55,1824.45,1861.46,2338230,435251298185000.06,89870,190685,0.0816
2021-03-08,ACC,EQ,1824.45,1836.45,1853.4,1813.5,1824.1,1822.8,1833.68,757659,138930712209999.98,27228,71828,0.09480000000000001
2021-03-09,ACC,EQ,1822.8,1830.0,1856.6,1795.1,1823.1,1827.85,1829.3,825196,150953489190000.0,29887,152080,0.1843
2021-03-10,ACC,EQ,1827.85,1838.9,1844.0,1810.75,1836.15,1835.05,1828.31,645527,118022033490000.02,21869,127874,0.1981
2021-03-12,ACC,EQ,1835.05,1843.9,1848.0,1782.0,1786.9,1787.65,1807.51,1032982,186712611125000.0,39356,343681,0.33270000000000005
2021-03-15,ACC,EQ,1787.65,1792.0,1798.75,1741.1,1766.5,1767.1,1760.58,715929,126044971075000.0,28133,233195,0.3257
2021-03-16,ACC,EQ,1767.1,1771.1,1789.75,1760.9,1770.0,1766.15,1777.68,530988,94392545650000.0,23180,89369,0.16829999999999998
2021-03-17,ACC,EQ,1766.15,1766.1,1776.95,1721.55,1725.0,1727.65,1740.26,871784,151713246000000.0,36815,319623,0.3666
2021-03-18,ACC,EQ,1727.65,1744.95,1749.0,1711.05,1727.45,1731.75,1735.81,933344,162011246890000.0,22927,451849,0.4841
2021-03-19,ACC,EQ,1731.75,1721.8,1770.0,1692.0,1754.8,1755.0,1741.49,1091315,190051386205000.0,38972,401944,0.3683
2021-03-22,ACC,EQ,1755.0,1760.0,1873.9,1751.2,1863.9,1860.0,1840.11,4627665,851542773695000.0,96166,1202267,0.25980000000000003
2021-03-23,ACC,EQ,1860.0,1859.95,1925.0,1839.6,1912.0,1913.75,1877.82,1921529,360827729350000.0,69611,231503,0.12050000000000001
2021-03-24,ACC,EQ,1913.75,1909.0,1923.3,1888.0,1893.55,1892.25,1907.28,1293661,246737930719999.97,45975,245506,0.1898
2021-03-25,ACC,EQ,1892.25,1909.0,1912.0,1841.7,1850.0,1850.0,1871.05,981995,183735927645000.0,29481,290311,0.2956
2021-03-26,ACC,EQ,1850.0,1865.0,1888.0,1848.0,1861.0,1861.95,1866.28,572651,106872581280000.0,18996,114753,0.2004
2021-03-30,ACC,EQ,1861.95,1864.0,1905.0,1858.15,1876.55,1874.05,1883.7,621135,117003312495000.0,26095,109420,0.17620000000000002
2021-03-31,ACC,EQ,1874.05,1876.55,1920.6,1867.5,1901.85,1903.25,1896.64,672297,127510209890000.02,22797,149159,0.22190000000000001
2021-04-01,ACC,EQ,1903.25,1920.0,1920.0,1886.95,1912.0,1913.35,1905.67,765296,145839896195000.0,29559,167345,0.2187
2021-04-05,ACC,EQ,1913.35,1908.0,1937.0,1872.1,1902.4,1894.4,1905.28,1272161,242382538715000.0,44590,289969,0.2279
2021-04-06,ACC,EQ,1894.4,1904.9,1922.7,1890.05,1906.65,1908.45,1908.34,965415,184234445980000.0,23890,384458,0.3982
2021-04-07,ACC,EQ,1908.45,1919.5,1954.5,1901.9,1913.0,1918.45,1931.9,1643523,317512561000000.0,44919,344453,0.2096
2021-04-08,ACC,EQ,1918.45,1925.0,2010.0,1924.0,2005.0,1981.65,1952.78,948277,185177352130000.0,34728,197291,0.20809999999999998
2021-04-09,ACC,EQ,1981.65,1999.0,2022.85,1948.45,1954.0,1960.75,1979.3,1376841,272517843565000.0,55046,251234,0.1825
2021-04-12,ACC,EQ,1960.75,1934.95,1934.95,1860.35,1895.0,1885.7,1896.94,810830,153809329290000.0,30512,224004,0.2763
2021-04-13,ACC,EQ,1885.7,1895.0,1904.95,1858.0,1881.6,1882.15,1883.72,531684,100154506130000.0,19783,107408,0.20199999999999999
2021-04-15,ACC,EQ,1882.15,1890.0,1896.2,1812.0,1839.9,1836.65,1834.95,706453,129630267790000.02,33741,126937,0.1797
2021-04-16,ACC,EQ,1836.65,1842.1,1902.35,1840.2,1884.0,1881.75,1880.21,1061445,199573668805000.0,32306,298491,0.2812
2021-04-19,ACC,EQ,1881.75,1859.55,1881.9,1826.5,1873.75,1876.75,1853.76,1288212,238803801340000.0,45574,391893,0.3042
2021-04-20,ACC,EQ,1876.75,1980.0,1980.0,1810.0,1818.0,1825.8,1887.11,5873433,1108380662145000.1,191958,522397,0.0889
2021-04-22,ACC,EQ,1825.8,1824.95,1850.0,1782.25,1828.9,1831.65,1826.87,1662315,303683214660000.0,57630,288439,0.17350000000000002
2021-04-23,ACC,EQ,1831.65,1825.9,1854.9,1802.0,1813.0,1812.9,1830.08,886188,162179733130000.0,50470,162332,0.1832
2021-04-26,ACC,EQ,1812.9,1818.0,1851.95,1817.25,1841.05,1844.75,1838.97,833521,153281840680000.0,34089,149490,0.1793
2021-04-27,ACC,EQ,1844.75,1845.35,1867.45,1836.3,1857.0,1859.75,1855.57,908739,168622867310000.0,37022,191043,0.2102
2021-04-28,ACC,EQ,1859.75,1871.0,1884.95,1850.0,1870.45,1872.15,1870.71,879407,164511920925000.0,33036,266882,0.30350000000000005
2021-04-29,ACC,EQ,1872.15,1881.0,1886.8,1855.0,1879.0,1877.05,1869.66,597466,111706070945000.0,19591,174203,0.2916
2021-04-30,ACC,EQ,1877.05,1869.0,1903.45,1855.05,1879.0,1882.75,1881.56,1081167,203428218090000.0,39888,382606,0.3539
2021-05-03,ACC,EQ,1882.75,1860.0,1904.9,1853.2,1899.0,1898.0,1886.47,501054,94522432180000.0,20197,120447,0.2404
2021-05-04,ACC,EQ,1898.0,1912.0,1915.0,1866.0,1869.0,1869.0,1890.7,478133,90400503490000.0,23168,105378,0.22039999999999998
2021-05-05,ACC,EQ,1869.0,1875.0,1897.95,1870.1,1886.1,1888.55,1884.3,381806,71943809420000.0,14550,39623,0.1038
2021-05-06,ACC,EQ,1888.55,1895.0,1908.5,1877.2,1894.0,1896.25,1892.76,292905,55439887025000.0,12794,40846,0.13949999999999999
2021-05-07,ACC,EQ,1896.25,1903.0,1928.9,1896.05,1904.55,1904.75,1912.21,641334,122636548175000.0,35637,138073,0.21530000000000002
2021-05-10,ACC,EQ,1904.75,1918.5,1921.0,1880.25,1886.2,1885.7,1898.4,575662,109283423000000.0,22395,119313,0.2073
2021-05-11,ACC,EQ,1885.7,1870.0,1920.0,1860.25,1904.5,1909.95,1903.56,692022,131730439134999.98,23948,161869,0.2339
2021-05-12,ACC,EQ,1909.95,1903.9,1909.95,1877.0,1886.2,1882.7,1895.78,464947,88143863520000.0,18171,102613,0.2207
2021-05-14,ACC,EQ,1882.7,1893.75,1898.9,1854.0,1876.05,1876.8,1878.26,567649,106619217690000.0,26641,125252,0.2207
2021-05-17,ACC,EQ,1876.8,1877.35,1907.75,1867.4,1899.35,1903.6,1890.82,534633,101089519520000.0,21587,170992,0.31980000000000003
2021-05-18,ACC,EQ,1903.6,1916.0,1951.85,1906.05,1936.2,1939.95,1932.58,874925,169086287710000.0,29577,278422,0.3182
2021-05-19,ACC,EQ,1939.95,1939.45,1982.0,1917.0,1924.9,1927.25,1951.62,963994,188135305370000.0,30015,330488,0.3428
2021-05-20,ACC,EQ,1927.25,1940.0,1963.5,1921.0,1959.25,1958.15,1949.32,696109,135693749520000.0,26595,184798,0.2655
2021-05-21,ACC,EQ,1958.15,1970.05,1987.95,1959.3,1970.0,1965.25,1976.0,674816,133343639709999.98,22624,175275,0.2597
2021-05-24,ACC,EQ,1965.25,1968.0,1997.9,1953.0,1986.75,1984.45,1976.43,657392,129929041920000.0,23103,179668,0.2733
2021-05-25,ACC,EQ,1984.45,1995.0,1995.4,1953.4,1961.7,1961.2,1970.03,501731,98842371665000.0,21862,149126,0.2972
2021-05-26,ACC,EQ,1961.2,1962.45,1981.9,1957.2,1980.9,1977.45,1972.39,444885,87748684625000.0,16255,177230,0.39840000000000003
2021-05-27,ACC,EQ,1977.45,1979.3,2040.0,1966.65,1990.0,2000.15,2005.79,1967922,394724680990000.0,44605,981112,0.4986
2021-05-28,ACC,EQ,2000.15,1994.9,2009.6,1975.0,1979.95,1985.45,1990.29,415702,82736899005000.0,19539,92158,0.2217
2021-05-31,ACC,EQ,1985.45,1979.1,2001.4,1968.5,1985.0,1986.05,1984.81,443113,87949488750000.0,20522,109187,0.2464
2021-06-01,ACC,EQ,1986.05,1990.0,2001.0,1959.75,1970.0,1973.45,1979.46,297295,58848338854999.99,12595,60122,0.2022
2021-06-02,ACC,EQ,1973.45,1975.25,2007.3,1970.9,1996.0,1997.1,1993.71,447284,89175476380000.0,19905,109383,0.2445
2021-06-03,ACC,EQ,1997.1,1999.15,2030.0,1999.15,2024.0,2027.35,2019.38,571072,115321157090000.02,24694,197183,0.3453
2021-06-04,ACC,EQ,2027.35,2024.0,2037.1,2005.0,2010.0,2009.9,2018.72,219638,44338860975000.0,10971,38175,0.17379999999999998
2021-06-07,ACC,EQ,2009.9,2015.5,2058.9,2011.0,2045.15,2045.95,2043.19,494925,101122800375000.0,25735,152668,0.3085
2021-06-08,ACC,EQ,2045.95,2050.0,2062.6,2026.3,2043.9,2042.65,2043.16,314233,64202909579999.99,15236,72555,0.2309
2021-06-09,ACC,EQ,2042.65,2045.0,2045.4,1990.7,2004.0,2004.4,2021.59,470131,95041127310000.0,22240,174409,0.371
2021-06-10,ACC,EQ,2004.4,2015.0,2037.0,2004.4,2029.0,2030.3,2027.85,364626,73940706770000.0,15925,71356,0.1957
2021-06-11,ACC,EQ,2030.3,2030.3,2043.7,2013.15,2026.7,2024.5,2027.14,173453,35161284845000.0,8857,37172,0.2143
2021-06-14,ACC,EQ,2024.5,2022.0,2043.5,1990.05,2038.0,2040.55,2028.43,262106,53166259810000.0,14361,49377,0.1884
2021-06-15,ACC,EQ,2040.55,2042.0,2066.0,2031.05,2038.05,2042.95,2050.62,303143,62162991090000.0,20183,60513,0.1996
2021-06-16,ACC,EQ,2042.95,2042.0,2053.0,2013.4,2020.0,2020.5,2030.19,152299,30919547539999.996,8031,26130,0.1716
2021-06-17,ACC,EQ,2020.5,2005.0,2062.95,2005.0,2041.0,2042.2,2042.31,412228,84189654930000.0,19255,59095,0.1434
2021-06-18,ACC,EQ,2042.2,2043.25,2063.0,1996.2,2025.95,2027.9,2029.23,502755,102020604830000.0,21448,202797,0.40340000000000004
2021-06-21,ACC,EQ,2027.9,2009.5,2041.9,1988.9,2025.6,2028.1,2021.0,478588,96722745400000.0,22389,180152,0.3764
2021-06-22,ACC,EQ,2028.1,2032.95,2078.0,2028.65,2049.7,2049.35,2052.88,712732,146315668315000.0,29184,256468,0.35979999999999995
2021-06-23,ACC,EQ,2049.35,2049.7,2059.9,2025.0,2025.1,2030.55,2038.17,268921,54810632570000.01,16107,37860,0.1408
2021-06-24,ACC,EQ,2030.55,2025.0,2040.7,2019.1,2025.0,2027.45,2028.15,253261,51365151760000.0,12153,94797,0.3743
2021-06-25,ACC,EQ,2027.45,2028.9,2048.0,2028.0,2044.9,2041.15,2036.34,329128,67021649795000.01,12776,113575,0.34509999999999996
2021-06-28,ACC,EQ,2041.15,2046.0,2059.95,2023.1,2050.0,2050.95,2047.63,380090,77828555780000.0,19919,145873,0.38380000000000003
2021-06-29,ACC,EQ,2050.95,2054.3,2064.9,2040.0,2052.2,2053.05,2051.5,279895,57420529665000.0,18467,72434,0.2588
2021-06-30,ACC,EQ,2053.05,2052.2,2052.45,2008.05,2016.0,2014.8,2031.44,450373,91490427550000.0,24909,238888,0.5304
2021-07-01,ACC,EQ,2014.8,2021.8,2021.8,1991.7,1996.6,1996.0,2002.69,335738,67237805235000.0,18569,109247,0.3254
2021-07-02,ACC,EQ,1996.0,2003.9,2004.35,1978.0,1991.0,1987.25,1987.49,293738,58380207725000.0,13624,89714,0.3054
2021-07-05,ACC,EQ,1987.25,1997.65,2006.6,1975.0,1981.1,1982.75,1989.54,328547,65365878710000.0,23547,120251,0.36600000000000005
2021-07-06,ACC,EQ,1982.75,1987.85,2058.55,1983.05,2022.0,2022.85,2032.85,1171831,238216032380000.03,43567,314069,0.268
2021-07-07,ACC,EQ,2022.85,2031.7,2044.45,2012.9,2035.3,2036.55,2029.01,339727,68931027085000.0,36847,134898,0.3971
2021-07-08,ACC,EQ,2036.55,2041.0,2057.35,2022.0,2027.1,2029.5,2043.36,342553,69995763665000.0,20410,112608,0.3287
2021-07-09,ACC,EQ,2029.5,2029.5,2040.0,2017.1,2036.0,2037.25,2029.13,174442,35396546455000.0,19668,58168,0.3335
2021-07-12,ACC,EQ,2037.25,2042.5,2087.0,2042.5,2072.2,2072.3,2072.35,770557,159686759480000.0,32885,245957,0.31920000000000004
2021-07-13,ACC,EQ,2072.3,2082.0,2091.7,2070.5,2085.5,2084.8,2082.9,420437,87572851305000.0,32556,123014,0.2926
2021-07-14,ACC,EQ,2084.8,2083.65,2097.95,2070.9,2075.05,2081.55,2084.56,363780,75832190330000.0,17407,113893,0.3131
2021-07-15,ACC,EQ,2081.55,2080.0,2125.1,2068.7,2122.45,2112.45,2094.77,710905,148918561055000.0,30923,278377,0.39159999999999995
2021-07-16,ACC,EQ,2112.45,2122.45,2135.0,2112.0,2133.0,2129.35,2124.09,425910,90467173940000.0,28235,108342,0.2544
2021-07-19,ACC,EQ,2129.35,2117.9,2168.0,2105.2,2167.35,2151.9,2137.47,666887,142545348705000.0,37990,166573,0.24980000000000002
2021-07-20,ACC,EQ,2151.9,2226.0,2344.05,2192.2,2301.0,2308.85,2287.35,8593295,1965590777755000.0,300851,441260,0.0513
2021-07-22,ACC,EQ,2308.85,2340.0,2340.0,2271.1,2291.8,2290.25,2301.58,1010305,232529920650000.0,46876,219529,0.21730000000000002
2021-07-23,ACC,EQ,2290.25,2296.15,2375.0,2292.5,2338.0,2337.55,2345.19,1664900,390450262355000.0,78552,213012,0.12789999999999999
2021-07-26,ACC,EQ,2337.55,2337.3,2374.8,2308.1,2370.05,2369.2,2352.62,695393,163599600225000.0,44997,217092,0.3122
2021-07-27,ACC,EQ,2369.2,2371.0,2395.0,2356.8,2366.25,2371.7,2377.94,1017264,241898855105000.03,46501,326849,0.32130000000000003
2021-07-28,ACC,EQ,2371.7,2369.0,2397.2,2330.25,2392.0,2393.9,2367.06,437170,103480562195000.0,23778,61021,0.1396
2021-07-29,ACC,EQ,2393.9,2400.0,2413.0,2349.8,2374.0,2364.0,2373.29,677603,160814876960000.0,32469,197624,0.2917
2021-07-30,ACC,EQ,2364.0,2365.0,2415.0,2360.0,2395.5,2394.1,2390.86,465284,111242749690000.02,21995,165508,0.3557
2021-08-02,ACC,EQ,2394.1,2395.0,2434.4,2381.2,2424.0,2424.0,2412.5,464987,112178230325000.0,28026,171593,0.369
2021-08-03,ACC,EQ,2424.0,2420.0,2440.8,2392.0,2429.55,2433.1,2417.52,538219,130115594350000.0,33638,247167,0.45920000000000005
2021-08-04,ACC,EQ,2433.1,2433.0,2454.95,2393.0,2398.0,2398.6,2418.66,380386,92002274920000.0,21605,113591,0.2986
2021-08-05,ACC,EQ,2398.6,2400.05,2413.7,2375.2,2390.0,2392.2,2394.73,399193,95596120945000.0,18749,95827,0.2401
2021-08-06,ACC,EQ,2392.2,2382.1,2398.8,2335.4,2344.0,2341.35,2362.48,516746,122080056440000.02,26616,216620,0.4192
2021-08-09,ACC,EQ,2341.35,2348.0,2366.55,2304.0,2322.3,2312.6,2331.85,449768,104879065675000.0,21109,192059,0.42700000000000005
2021-08-10,ACC,EQ,2312.6,2324.0,2330.0,2266.95,2296.0,2296.95,2301.73,321608,74025347970000.0,19833,83463,0.2595
2021-08-11,ACC,EQ,2296.95,2297.0,2327.95,2248.55,2276.9,2276.05,2270.55,401413,91142936820000.0,26273,164669,0.41020000000000006
2021-08-12,ACC,EQ,2276.05,2278.35,2329.95,2255.0,2291.0,2292.0,2304.02,593594,136765146484999.98,27775,195044,0.3286
2021-08-13,ACC,EQ,2292.0,2295.45,2322.7,2273.75,2301.55,2308.6,2304.92,275083,63404545104999.99,15584,78676,0.28600000000000003
2021-08-16,ACC,EQ,2308.6,2309.8,2325.0,2290.0,2295.1,2296.25,2303.8,293777,67680377475000.0,17400,106586,0.3628
2021-08-17,ACC,EQ,2296.25,2300.0,2315.0,2271.0,2308.15,2308.75,2294.16,309125,70918110535000.0,24256,124644,0.4032
2021-08-18,ACC,EQ,2308.75,2315.15,2363.85,2311.2,2361.95,2356.3,2342.69,965286,226136620910000.0,62911,316046,0.3274
2021-08-20,ACC,EQ,2356.3,2330.15,2373.8,2281.0,2281.0,2290.55,2324.09,596640,138664462200000.0,35006,175504,0.2942
2021-08-23,ACC,EQ,2290.55,2300.0,2320.0,2230.55,2260.0,2261.45,2276.98,477873,108810917770000.0,26302,112649,0.23570000000000002
2021-08-24,ACC,EQ,2261.45,2267.05,2293.85,2257.0,2278.05,2280.95,2272.41,423186,96165074725000.0,15217,150337,0.3553
2021-08-25,ACC,EQ,2280.95,2285.15,2305.0,2255.2,2274.3,2267.35,2271.62,339700,77167004410000.0,19443,135130,0.39780000000000004
2021-08-26,ACC,EQ,2267.35,2270.8,2286.5,2258.25,2286.5,2275.55,2271.49,373379,84812783420000.0,15242,153847,0.41200000000000003
2021-08-27,ACC,EQ,2275.55,2279.95,2354.65,2266.3,2341.35,2348.1,2330.02,591864,137905263515000.02,24702,116512,0.19690000000000002
2021-08-30,ACC,EQ,2348.1,2352.0,2390.0,2350.0,2385.7,2386.5,2373.77,456720,108415029684999.98,23908,151590,0.3319
2021-08-31,ACC,EQ,2386.5,2393.8,2419.7,2365.5,2407.1,2413.2,2401.72,580467,139412137005000.0,31627,243420,0.4194
2021-09-01,ACC,EQ,2413.2,2420.0,2437.4,2393.05,2420.0,2424.05,2413.29,418473,100989620205000.0,25335,193513,0.46240000000000003
2021-09-02,ACC,EQ,2424.05,2428.9,2498.0,2413.15,2481.0,2474.2,2461.85,589580,145145955125000.0,41669,164680,0.2793
2021-09-03,ACC,EQ,2474.2,2483.3,2485.0,2436.3,2467.9,2469.0,2456.67,444256,109139145790000.02,21612,159351,0.35869999999999996
2021-09-06,ACC,EQ,2469.0,2487.9,2509.0,2469.0,2469.25,2472.75,2483.64,426552,105940062125000.0,22409,131444,0.30820000000000003
2021-09-07,ACC,EQ,2472.75,2476.0,2494.0,2444.7,2476.35,2483.5,2470.11,322194,79585541970000.0,30980,94022,0.2918
2021-09-08,ACC,EQ,2483.5,2478.1,2486.9,2431.25,2441.1,2448.95,2452.37,312258,76577273840000.0,20284,135753,0.4347
2021-09-09,ACC,EQ,2448.95,2440.0,2463.0,2433.5,2458.0,2458.75,2449.61,181417,44440114285000.0,11102,51921,0.2862
2021-09-13,ACC,EQ,2458.75,2460.0,2479.9,2420.35,2465.8,2471.4,2464.0,265232,65353291690000.0,15896,104276,0.3932
2021-09-14,ACC,EQ,2471.4,2470.0,2475.05,2437.55,2443.4,2442.95,2451.3,174874,42866833980000.0,13727,69770,0.399
2021-09-15,ACC,EQ,2442.95,2448.0,2479.6,2442.6,2458.1,2467.4,2464.68,234175,57716591470000.01,14415,78542,0.3354
2021-09-16,ACC,EQ,2467.4,2476.6,2479.4,2416.25,2430.0,2429.7,2434.45,264530,64398445554999.99,19609,78630,0.2972
2021-09-17,ACC,EQ,2429.7,2440.0,2444.0,2372.3,2392.0,2394.85,2395.37,538103,128895319815000.02,31099,277140,0.515
2021-09-20,ACC,EQ,2394.85,2378.0,2390.0,2320.0,2330.5,2325.95,2351.19,299170,70340462020000.01,13979,124172,0.41509999999999997
2021-09-21,ACC,EQ,2325.95,2325.95,2339.9,2284.0,2337.4,2332.3,2312.77,567297,131202950984999.98,24749,241874,0.4264
2021-09-22,ACC,EQ,2332.3,2339.3,2379.0,2331.1,2363.0,2365.55,2361.53,308803,72924753095000.0,26657,94533,0.3061
2021-09-23,ACC,EQ,2365.55,2375.0,2380.5,2340.05,2351.0,2351.05,2353.21,380958,89647307175000.0,33169,178657,0.469
2021-09-24,ACC,EQ,2351.05,2368.0,2372.95,2281.0,2300.95,2298.75,2312.03,434577,100475551365000.0,31602,176889,0.40700000000000003
2021-09-27,ACC,EQ,2298.75,2305.55,2346.75,2286.5,2329.5,2331.85,2314.3,363257,84068476065000.0,27504,143817,0.39590000000000003
2021-09-28,ACC,EQ,2331.85,2334.0,2357.9,2286.05,2298.0,2300.25,2325.46,304307,70765393235000.0,17894,98388,0.3233
2021-09-29,ACC,EQ,2300.25,2290.0,2293.35,2245.1,2265.0,2271.1,2265.92,518866,117571112195000.0,31621,214877,0.41409999999999997
2021-09-30,ACC,EQ,2271.1,2270.2,2276.9,2251.2,2251.2,2254.5,2260.73,300368,67905047885000.0,26890,153235,0.5102
2021-10-01,ACC,EQ,2254.5,2237.0,2258.0,2211.35,2237.7,2237.5,2238.74,319800,71594898430000.0,27837,73474,0.2297
2021-10-04,ACC,EQ,2237.5,2245.0,2283.95,2233.0,2267.4,2265.65,2266.32,394631,89435846055000.0,19982,155531,0.39409999999999995
2021-10-05,ACC,EQ,2265.65,2253.15,2284.0,2253.15,2264.0,2263.7,2267.74,251071,56936395385000.0,19606,88138,0.35100000000000003
2021-10-06,ACC,EQ,2263.7,2265.95,2278.0,2194.35,2203.0,2203.25,2233.0,446408,99682701745000.0,24088,192440,0.4311
2021-10-07,ACC,EQ,2203.25,2215.3,2276.0,2215.3,2272.25,2265.85,2257.32,318393,71871583520000.0,21019,87251,0.27399999999999997
2021-10-08,ACC,EQ,2265.85,2273.0,2284.9,2235.45,2242.95,2240.9,2258.3,249365,56314082029999.99,15670,58347,0.23399999999999999
2021-10-11,ACC,EQ,2240.9,2250.0,2274.8,2242.15,2246.0,2249.85,2256.99,211576,47752510755000.0,12175,70143,0.3315
2021-10-12,ACC,EQ,2249.85,2245.0,2259.0,2226.95,2246.0,2245.65,2243.44,183872,41250518165000.0,12735,51484,0.28
2021-10-13,ACC,EQ,2245.65,2257.5,2269.8,2250.0,2262.0,2259.7,2257.38,280779,63382595860000.0,20004,116263,0.41409999999999997
2021-10-14,ACC,EQ,2259.7,2270.0,2349.5,2267.0,2314.0,2309.85,2314.39,1290679,298714087265000.0,56942,613854,0.4756
2021-10-18,ACC,EQ,2309.85,2364.0,2364.0,2291.85,2305.0,2304.4,2316.46,627590,145378492605000.0,29013,182162,0.2903
2021-10-19,ACC,EQ,2304.4,2319.0,2328.0,2232.45,2245.15,2242.75,2277.21,679577,154753752615000.0,40709,285244,0.4197
2021-10-20,ACC,EQ,2242.75,2289.0,2359.0,2221.0,2260.55,2263.6,2304.06,3817624,879603597454999.9,211916,632759,0.16570000000000001
2021-10-21,ACC,EQ,2263.6,2285.95,2286.75,2202.85,2240.0,2236.35,2241.91,803674,180176643095000.0,38231,295470,0.3676
2021-10-22,ACC,EQ,2236.35,2241.2,2259.35,2165.0,2213.0,2212.05,2209.52,528370,116744602265000.02,31260,122493,0.2318
2021-10-25,ACC,EQ,2212.05,2210.0,2215.95,2142.05,2213.0,2208.45,2182.49,683253,149119417660000.0,47059,205477,0.3007
2021-10-26,ACC,EQ,2208.45,2215.0,2244.95,2210.0,2236.9,2236.3,2230.32,484377,108031688170000.0,28446,157165,0.3245
2021-10-27,ACC,EQ,2236.3,2238.4,2275.0,2233.5,2252.0,2249.4,2253.9,471518,106275237215000.0,27515,190186,0.4033
2021-10-28,ACC,EQ,2249.4,2252.0,2324.9,2245.0,2285.0,2287.85,2298.52,889979,204563163745000.0,55760,275147,0.30920000000000003
2021-10-29,ACC,EQ,2287.85,2285.0,2354.8,2237.55,2336.0,2333.4,2322.11,732835,170172003540000.0,41927,230212,0.3141
2021-11-01,ACC,EQ,2333.4,2345.05,2399.8,2328.4,2377.05,2374.3,2368.47,703217,166555184100000.0,40750,255723,0.3636
2021-11-02,ACC,EQ,2374.3,2385.0,2416.0,2374.9,2399.0,2392.0,2395.1,461093,110436182705000.0,25224,141872,0.30770000000000003
2021-11-03,ACC,EQ,2392.0,2404.15,2428.75,2394.15,2414.45,2420.5,2410.47,364903,87958862515000.0,21355,133030,0.36460000000000004
2021-11-04,ACC,EQ,2420.5,2425.9,2437.45,2419.05,2434.0,2431.45,2429.58,68940,16749501715000.0,4470,34142,0.49520000000000003
2021-11-08,ACC,EQ,2431.45,2453.85,2530.0,2440.05,2520.0,2518.35,2497.24,878142,219292851144999.97,55992,305031,0.34740000000000004
2021-11-09,ACC,EQ,2518.35,2523.0,2552.5,2502.05,2538.0,2538.3,2531.99,531520,134580412515000.02,39165,228912,0.4307
2021-11-10,ACC,EQ,2538.3,2530.7,2568.35,2513.1,2547.1,2554.15,2543.0,414868,105500965130000.0,21996,206724,0.4983
2021-11-11,ACC,EQ,2554.15,2545.95,2564.8,2525.0,2564.8,2558.2,2544.5,298854,76043407105000.0,25382,150009,0.5019
2021-11-12,ACC,EQ,2558.2,2568.0,2578.0,2546.0,2567.15,2571.95,2563.57,303364,77769349600000.0,24089,125606,0.414
2021-11-15,ACC,EQ,2571.95,2570.0,2589.0,2530.3,2560.0,2563.1,2555.73,229541,58664384565000.0,13830,77163,0.3362
2021-11-16,ACC,EQ,2563.1,2561.15,2566.45,2483.0,2483.25,2492.75,2523.88,248153,62630725029999.99,16190,66196,0.2668
2021-11-17,ACC,EQ,2492.75,2482.0,2496.35,2463.05,2469.2,2471.55,2476.42,279037,69101162179999.99,17999,121304,0.4347
2021-11-18,ACC,EQ,2471.55,2474.8,2502.3,2415.1,2432.0,2440.5,2442.09,237386,57971757435000.0,15061,64930,0.2735
2021-11-22,ACC,EQ,2440.5,2440.5,2445.0,2355.0,2380.2,2373.55,2389.93,244687,58478466740000.0,20301,80464,0.32880000000000004
2021-11-23,ACC,EQ,2373.55,2350.0,2420.1,2349.9,2414.45,2403.9,2400.47,209320,50246550875000.0,13188,73337,0.3504
2021-11-24,ACC,EQ,2403.9,2410.0,2428.25,2392.55,2400.0,2404.75,2412.94,237362,57273987735000.0,16392,103389,0.43560000000000004
2021-11-25,ACC,EQ,2404.75,2404.9,2413.55,2380.0,2380.0,2385.45,2393.48,201394,48203326230000.0,12367,79847,0.3965
2021-11-26,ACC,EQ,2385.45,2358.8,2388.0,2300.1,2305.0,2311.5,2338.44,208380,48728393920000.0,16664,50751,0.2436
2021-11-29,ACC,EQ,2311.5,2280.0,2325.0,2240.0,2285.0,2289.6,2289.54,458730,105028282345000.0,30796,120855,0.2635
2021-11-30,ACC,EQ,2289.6,2283.15,2322.95,2269.85,2285.0,2286.4,2294.36,415128,95245120685000.0,26969,190168,0.4581
2021-12-01,ACC,EQ,2286.4,2296.0,2332.45,2248.0,2257.55,2253.45,2275.92,423543,96394928695000.0,37653,153128,0.3615
2021-12-02,ACC,EQ,2253.45,2248.15,2278.75,2229.6,2267.1,2264.65,2248.25,457153,102779485790000.0,27050,179699,0.3931
2021-12-03,ACC,EQ,2264.65,2268.1,2304.55,2250.1,2255.0,2262.2,2280.73,439164,100161300665000.0,21559,161205,0.36710000000000004
2021-12-06,ACC,EQ,2262.2,2265.0,2272.95,2205.0,2205.25,2217.3,2242.78,234956,52695377310000.0,22254,96190,0.4094
2021-12-07,ACC,EQ,2217.3,2239.0,2254.95,2211.0,2247.0,2245.05,2237.18,293341,65625748820000.01,24924,125724,0.4286
2021-12-08,ACC,EQ,2245.05,2255.15,2299.9,2249.2,2299.9,2292.25,2282.27,315816,72077743090000.0,27300,135817,0.4301
2021-12-09,ACC,EQ,2292.25,2294.1,2324.0,2287.95,2323.0,2320.0,2309.03,286871,66239335060000.0,16194,136499,0.4758
2021-12-10,ACC,EQ,2320.0,2319.0,2330.2,2302.0,2312.0,2315.55,2313.62,202000,46735164135000.0,14958,89491,0.443
2021-12-13,ACC,EQ,2315.55,2329.0,2340.85,2290.0,2291.0,2296.05,2310.89,282819,65356445395000.01,21675,139148,0.49200000000000005
2021-12-14,ACC,EQ,2296.05,2280.0,2326.3,2272.45,2318.0,2320.15,2308.97,408050,94217621600000.0,26002,233906,0.5732
2021-12-15,ACC,EQ,2320.15,2317.25,2330.8,2275.0,2279.75,2285.5,2301.66,252969,58224959320000.01,18946,125036,0.4943
2021-12-16,ACC,EQ,2285.5,2297.5,2298.5,2263.0,2271.7,2266.45,2273.94,247839,56357092254999.99,13968,125516,0.5064
2021-12-17,ACC,EQ,2266.45,2266.0,2274.0,2207.5,2214.75,2215.05,2233.04,290265,64817297900000.0,20358,114997,0.3962
2021-12-20,ACC,EQ,2215.05,2194.9,2199.65,2087.8,2116.5,2115.9,2124.75,307702,65378990304999.99,18217,114869,0.37329999999999997
2021-12-21,ACC,EQ,2115.9,2136.0,2179.0,2123.85,2131.9,2138.55,2150.71,294036,63238521575000.0,12377,147882,0.5029
2021-12-22,ACC,EQ,2138.55,2148.0,2168.95,2138.3,2159.85,2149.9,2149.82,376346,80907556015000.0,14043,206659,0.5491
2021-12-23,ACC,EQ,2149.9,2164.95,2176.95,2141.15,2151.0,2150.8,2154.68,323002,69596701145000.01,13984,177051,0.5481
2021-12-24,ACC,EQ,2150.8,2158.95,2162.0,2112.5,2124.0,2126.05,2128.29,152954,32553101589999.996,10256,27746,0.1814
2021-12-27,ACC,EQ,2126.05,2124.0,2139.9,2101.0,2139.05,2136.7,2125.66,112982,24016129715000.0,8223,23314,0.2064
2021-12-28,ACC,EQ,2136.7,2142.0,2162.1,2139.2,2150.0,2151.25,2151.73,704309,151548228185000.0,20881,477911,0.6786
2021-12-29,ACC,EQ,2151.25,2154.0,2166.85,2137.05,2164.35,2162.65,2153.18,203826,43887340545000.0,13629,88551,0.4344
2021-12-30,ACC,EQ,2162.65,2167.0,2171.95,2153.2,2162.45,2163.25,2162.39,216056,46719648780000.0,11287,91170,0.42200000000000004
2021-12-31,ACC,EQ,2163.25,2163.0,2238.5,2162.45,2223.8,2215.75,2215.37,467894,103655614580000.0,22816,151992,0.3248
2022-01-03,ACC,EQ,2215.75,2220.2,2259.55,2214.15,2245.9,2251.35,2237.14,335699,75100461345000.0,11932,130418,0.3885
2022-01-04,ACC,EQ,2251.35,2258.0,2264.8,2216.5,2224.0,2224.3,2231.22,363436,81090501685000.0,14498,183207,0.5041
2022-01-05,ACC,EQ,2224.3,2225.0,2246.0,2220.1,2245.0,2241.3,2236.52,372959,83413121925000.0,15668,229674,0.6158
2022-01-06,ACC,EQ,2241.3,2230.0,2263.8,2202.0,2229.0,2227.3,2237.76,470965,105390464525000.0,25913,149156,0.31670000000000004
2022-01-07,ACC,EQ,2227.3,2234.0,2303.8,2232.05,2290.0,2284.6,2276.31,573885,130633748145000.0,29246,142912,0.249
2022-01-10,ACC,EQ,2284.6,2297.15,2325.0,2278.55,2323.5,2320.15,2304.66,358989,82734889765000.0,22976,116469,0.32439999999999997
2022-01-11,ACC,EQ,2320.15,2327.0,2344.55,2286.3,2297.0,2297.6,2312.38,289218,66878057350000.0,20920,81683,0.2824
2022-01-12,ACC,EQ,2297.6,2310.0,2328.8,2273.0,2317.0,2314.8,2306.25,380195,87682309920000.0,23864,144793,0.38079999999999997
2022-01-13,ACC,EQ,2314.8,2323.0,2325.45,2298.1,2315.95,2314.15,2309.06,221162,51067638395000.0,18565,94370,0.4267
2022-01-14,ACC,EQ,2314.15,2319.9,2374.0,2304.75,2353.05,2358.1,2355.03,676328,159277461890000.0,40268,133289,0.19710000000000003
2022-01-17,ACC,EQ,2358.1,2364.0,2391.0,2301.0,2374.8,2378.65,2348.59,490475,115192321484999.98,30858,71168,0.1451
2022-01-18,ACC,EQ,2378.65,2391.0,2392.9,2240.35,2249.0,2253.25,2298.61,691178,158875023770000.0,51036,224774,0.32520000000000004
2022-01-19,ACC,EQ,2253.25,2261.0,2262.8,2219.2,2237.0,2231.8,2234.61,372235,83180084430000.0,25659,151629,0.4073
2022-01-20,ACC,EQ,2231.8,2230.0,2285.25,2230.0,2253.7,2254.0,2252.32,322553,72649201280000.0,22960,81198,0.25170000000000003
2022-01-21,ACC,EQ,2254.0,2240.0,2255.9,2196.0,2221.65,2215.75,2231.66,238038,53122077535000.0,21215,69003,0.2899
2022-01-24,ACC,EQ,2215.75,2210.0,2219.65,2148.35,2166.0,2167.45,2177.74,467114,101725078530000.0,34602,51711,0.23440000000000003
2022-01-25,ACC,EQ,2167.45,2160.1,2192.6,2120.05,2170.5,2179.95,2169.33,262179,56875394300000.0,22169,66152,0.2523
2022-01-27,ACC,EQ,2179.95,2156.0,2179.0,2127.65,2171.05,2167.7,2157.94,298193,64348140350000.0,18014,155101,0.5201
2022-01-28,ACC,EQ,2167.7,2179.9,2238.55,2173.85,2214.75,2215.95,2220.23,272371,60472756204999.99,21912,85794,0.315
2022-01-31,ACC,EQ,2215.95,2230.4,2292.7,2227.0,2280.9,2285.75,2273.18,428789,97471352670000.0,19066,216716,0.5054
2022-02-01,ACC,EQ,2285.75,2300.05,2355.0,2272.7,2337.05,2332.55,2317.55,491690,113951500220000.0,29691,154535,0.3143
2022-02-02,ACC,EQ,2332.55,2348.75,2350.05,2300.0,2309.0,2306.55,2318.32,274847,63718215050000.0,17543,91175,0.33170000000000005
2022-02-03,ACC,EQ,2306.55,2308.9,2328.0,2286.25,2293.15,2293.6,2303.04,253714,58431225879999.99,13054,125753,0.49560000000000004
2022-02-04,ACC,EQ,2293.6,2298.2,2322.45,2270.0,2275.0,2274.75,2291.04,184813,42341382895000.0,16556,51401,0.2781
2022-02-07,ACC,EQ,2274.75,2282.7,2292.75,2239.25,2279.85,2282.2,2270.05,201382,45714725200000.0,13911,76541,0.3801
2022-02-08,ACC,EQ,2282.2,2286.0,2310.0,2262.2,2307.0,2304.75,2287.25,608392,139154409545000.0,25086,364410,0.599
2022-02-09,ACC,EQ,2304.75,2317.3,2338.8,2290.2,2320.0,2310.3,2313.76,367725,85082574560000.0,19685,97993,0.2665
2022-02-10,ACC,EQ,2310.3,2280.0,2324.8,2265.0,2298.0,2303.55,2302.25,876424,201775085185000.0,47079,350881,0.4004
2022-02-11,ACC,EQ,2303.55,2290.0,2297.0,2240.0,2245.3,2249.35,2265.86,359096,81366197390000.0,27438,179550,0.5
2022-02-14,ACC,EQ,2249.35,2217.8,2220.15,2145.0,2150.8,2153.9,2180.22,279841,61011459315000.0,20528,77366,0.27649999999999997
2022-02-15,ACC,EQ,2153.9,2156.5,2240.0,2156.5,2236.5,2234.3,2195.69,259988,57085242679999.99,18337,76843,0.2956
2022-02-16,ACC,EQ,2234.3,2250.0,2266.25,2215.4,2240.0,2239.4,2240.09,218682,48986761105000.0,14997,57990,0.2652
2022-02-17,ACC,EQ,2239.4,2240.4,2267.55,2215.75,2231.05,2226.85,2234.69,218668,48865515615000.0,16693,98474,0.45030000000000003
2022-02-18,ACC,EQ,2226.85,2208.75,2220.0,2172.0,2184.7,2181.15,2186.27,295149,64527479654999.99,14390,125806,0.42619999999999997
2022-02-21,ACC,EQ,2181.15,2178.7,2205.25,2151.0,2182.0,2184.9,2186.8,291112,63660455990000.0,25810,74351,0.2554
2022-02-22,ACC,EQ,2184.9,2154.9,2180.8,2100.1,2153.8,2165.4,2156.17,323721,69799865665000.0,27112,110305,0.3407
2022-02-23,ACC,EQ,2165.4,2169.05,2197.0,2143.7,2148.2,2151.3,2165.68,376034,81436919325000.0,37479,149210,0.3968
2022-02-24,ACC,EQ,2151.3,2085.1,2120.65,2002.0,2011.0,2014.0,2066.1,474202,97974786430000.0,42192,182172,0.38420000000000004
2022-02-25,ACC,EQ,2014.0,2045.0,2084.45,2030.0,2067.7,2059.55,2061.38,286586,59076223860000.0,18856,91727,0.3201
2022-02-28,ACC,EQ,2059.55,2044.0,2095.0,2020.35,2095.0,2089.15,2064.71,349612,72184878440000.0,23603,150857,0.4315
2022-03-02,ACC,EQ,2089.15,2073.8,2099.95,2043.0,2057.45,2067.75,2067.28,494931,102315888845000.0,31949,227008,0.4587
2022-03-03,ACC,EQ,2067.75,2088.0,2092.7,1950.0,1963.0,1956.0,2009.1,728165,146295270975000.0,41045,311265,0.4275
2022-03-04,ACC,EQ,1956.0,1940.0,2020.0,1926.2,2004.75,2010.55,1966.47,801645,157640906175000.0,45137,259470,0.3237
2022-03-07,ACC,EQ,2010.55,1972.0,1978.0,1900.0,1947.0,1950.15,1939.15,536549,104045049020000.0,32878,231500,0.4315
2022-03-08,ACC,EQ,1950.15,1940.0,1968.95,1902.0,1964.0,1962.1,1940.55,330394,64114488150000.0,22564,74444,0.22530000000000003
2022-03-09,ACC,EQ,1962.1,1976.0,2015.9,1956.65,2000.0,2000.85,1985.06,419651,83303173755000.0,23817,192230,0.4581
2022-03-10,ACC,EQ,2000.85,2050.0,2073.95,2001.0,2046.0,2047.6,2047.33,315957,64686942285000.0,20003,77898,0.2465
2022-03-11,ACC,EQ,2047.6,2044.5,2061.85,2016.0,2038.4,2041.9,2036.4,372130,75780399935000.0,21127,181938,0.4889
2022-03-14,ACC,EQ,2041.9,2054.0,2065.0,2025.0,2059.75,2058.05,2048.87,184932,37890126655000.0,11615,67472,0.36479999999999996
2022-03-15,ACC,EQ,2058.05,2070.0,2109.7,2043.7,2060.8,2060.35,2077.11,358798,74526445360000.0,23276,124563,0.3472
2022-03-16,ACC,EQ,2060.35,2088.35,2132.35,2066.5,2127.0,2129.15,2104.82,395803,83309382750000.0,18771,117819,0.2977
2022-03-17,ACC,EQ,2129.15,2166.0,2166.0,2118.0,2123.1,2122.65,2136.68,820627,175341599845000.0,33007,374278,0.4561
2022-03-21,ACC,EQ,2122.65,2101.0,2141.75,2046.65,2056.95,2055.75,2074.19,1043891,216522474390000.0,32039,387081,0.37079999999999996
2022-03-22,ACC,EQ,2055.75,2054.95,2074.7,2025.0,2062.45,2058.3,2048.8,452916,92793337515000.0,31723,156505,0.3455
2022-03-23,ACC,EQ,2058.3,2064.1,2086.0,2050.0,2063.5,2069.75,2066.1,232620,48061533245000.0,15847,62930,0.2705
2022-03-24,ACC,EQ,2069.75,2050.15,2092.95,2050.15,2080.0,2080.4,2079.32,294252,61184321620000.01,19226,89496,0.3041
2022-03-25,ACC,EQ,2080.4,2085.0,2090.9,2049.05,2068.0,2064.2,2067.96,278510,57594653879999.99,16312,124575,0.4473
2022-03-28,ACC,EQ,2064.2,2081.35,2081.35,2039.05,2061.95,2059.65,2055.51,231188,47520828745000.0,20954,46104,0.19940000000000002
2022-03-29,ACC,EQ,2059.65,2073.0,2135.3,2070.25,2129.0,2128.55,2115.87,725118,153425851295000.0,41912,211722,0.292
2022-03-30,ACC,EQ,2128.55,2140.0,2172.7,2136.0,2140.1,2150.9,2153.2,702919,151352212900000.0,34079,328897,0.4679
2022-03-31,ACC,EQ,2150.9,2154.8,2170.3,2143.25,2152.5,2151.35,2153.43,464111,99943069165000.0,26991,248382,0.5352
2022-04-01,ACC,EQ,2151.35,2148.0,2160.0,2128.35,2150.0,2151.0,2144.96,838234,179798246020000.0,28224,518206,0.6182
2022-04-04,ACC,EQ,2151.0,2110.0,2133.0,2102.05,2122.7,2119.45,2117.37,655757,138847921559999.98,26758,235508,0.3591
2022-04-05,ACC,EQ,2119.45,2134.8,2158.0,2112.0,2146.0,2149.65,2141.03,615501,131780417365000.02,20440,335736,0.5455
2022-04-06,ACC,EQ,2149.65,2149.65,2199.0,2124.6,2142.0,2145.5,2165.07,1082516,234372809644999.97,49556,345676,0.31930000000000003
2022-04-07,ACC,EQ,2145.5,2148.0,2180.0,2129.05,2140.0,2136.7,2155.18,420470,90618825955000.0,25825,143705,0.3418
2022-04-08,ACC,EQ,2136.7,2148.0,2181.0,2128.55,2172.0,2170.55,2151.68,861328,185330477645000.0,31695,511661,0.594
2022-04-11,ACC,EQ,2170.55,2175.0,2284.6,2163.65,2236.7,2232.9,2231.05,1935494,431817709385000.06,83006,763958,0.3947
2022-04-12,ACC,EQ,2232.9,2232.9,2233.0,2169.9,2173.0,2181.4,2200.87,625499,137664147540000.02,37065,165373,0.2644
2022-04-13,ACC,EQ,2181.4,2188.0,2244.65,2163.55,2205.05,2208.65,2202.89,753209,165923451335000.0,33824,88546,0.1176
2022-04-18,ACC,EQ,2208.65,2200.0,2248.9,2147.65,2160.3,2155.2,2177.2,442194,96274599655000.0,30966,116548,0.2636
2022-04-19,ACC,EQ,2155.2,2158.1,2174.6,2023.55,2040.0,2056.5,2110.2,824740,174036532435000.0,47673,232398,0.2818
2022-04-20,ACC,EQ,2056.5,2075.0,2221.75,2065.65,2208.0,2208.25,2168.12,3687080,799402653450000.0,139581,323253,0.0877
2022-04-21,ACC,EQ,2208.25,2218.25,2275.0,2205.25,2270.0,2270.1,2241.89,1491272,334326933350000.0,76669,361070,0.2421
2022-04-22,ACC,EQ,2270.1,2250.1,2283.0,2237.2,2260.0,2263.25,2263.16,558880,126483749225000.0,31220,85928,0.15380000000000002
2022-04-25,ACC,EQ,2263.25,2252.0,2319.5,2240.0,2268.9,2262.05,2283.87,1075394,245605473030000.03,56550,179418,0.1668
2022-04-26,ACC,EQ,2262.05,2291.5,2337.95,2268.0,2310.0,2311.35,2298.02,733155,168480420880000.0,40713,204039,0.2783
2022-04-27,ACC,EQ,2311.35,2306.2,2361.75,2263.05,2343.95,2349.9,2329.12,1043493,243041673719999.97,45896,415577,0.3983
2022-04-28,ACC,EQ,2349.9,2383.0,2387.15,2314.05,2371.35,2376.75,2358.11,995576,234768194305000.03,92316,445338,0.4473
2022-04-29,ACC,EQ,2376.75,2376.75,2397.0,2321.45,2334.85,2328.9,2359.35,784968,185201244800000.0,33472,340264,0.4335
2022-05-02,ACC,EQ,2328.9,2314.0,2358.3,2309.7,2349.9,2347.2,2339.1,490846,114813964409999.98,35603,198238,0.40390000000000004
2022-05-04,ACC,EQ,2347.2,2350.0,2363.35,2273.5,2306.0,2300.1,2321.76,451428,104810555395000.0,32330,203249,0.45020000000000004
2022-05-05,ACC,EQ,2300.1,2325.0,2332.2,2269.85,2280.0,2277.85,2300.8,395262,90941904630000.0,23229,137102,0.3469
2022-05-06,ACC,EQ,2277.85,2249.0,2274.9,2232.35,2243.05,2245.45,2248.63,571407,128488200220000.0,25646,276789,0.4844
2022-05-09,ACC,EQ,2245.45,2221.0,2255.0,2201.5,2232.0,2232.9,2223.85,323573,71957765200000.0,23161,116194,0.3591
2022-05-10,ACC,EQ,2232.9,2235.1,2249.4,2185.0,2185.1,2198.55,2218.9,365873,81183428155000.0,27091,150192,0.4105
2022-05-11,ACC,EQ,2198.55,2203.0,2217.45,2135.3,2172.0,2167.65,2179.93,546421,119115860415000.02,29761,261443,0.47850000000000004
2022-05-12,ACC,EQ,2167.65,2159.95,2209.8,2101.25,2180.05,2177.4,2138.73,348099,74448823375000.0,22300,119686,0.34380000000000005
2022-05-13,ACC,EQ,2177.4,2195.0,2196.7,2099.05,2102.15,2113.3,2146.04,431751,92655443565000.0,32976,131766,0.3052
2022-05-16,ACC,EQ,2113.3,2140.0,2287.7,2140.0,2192.5,2196.2,2225.19,3304245,735256551845000.0,181808,686192,0.2077
2022-05-17,ACC,EQ,2196.2,2220.0,2255.0,2182.55,2225.0,2225.85,2219.77,1060771,235467286335000.0,63830,444009,0.4186
2022-05-18,ACC,EQ,2225.85,2249.0,2252.0,2218.2,2239.75,2236.65,2232.21,851138,189991786885000.0,36788,504411,0.5926
2022-05-19,ACC,EQ,2236.65,2198.2,2255.0,2192.75,2226.25,2231.0,2236.28,600776,134350613690000.02,29297,176304,0.29350000000000004
2022-05-20,ACC,EQ,2231.0,2250.9,2274.4,2234.55,2237.9,2239.4,2258.88,514340,116183485984999.98,29928,182302,0.3544
2022-05-23,ACC,EQ,2239.4,2260.0,2265.75,2208.15,2210.3,2213.4,2235.16,345694,77268042575000.0,24113,140260,0.4057
2022-05-24,ACC,EQ,2213.4,2213.0,2236.45,2199.05,2205.0,2210.95,2216.46,267961,59392592825000.0,16712,83580,0.3119
2022-05-25,ACC,EQ,2210.95,2217.0,2224.65,2182.5,2190.0,2186.1,2200.03,236264,51978819480000.0,17435,90641,0.3836
2022-05-26,ACC,EQ,2186.1,2194.9,2214.0,2165.0,2203.25,2208.0,2191.93,309697,67883394929999.99,16343,104752,0.3382
2022-05-27,ACC,EQ,2208.0,2218.95,2218.95,2190.45,2196.9,2198.05,2202.18,215682,47497051675000.0,9554,90607,0.4201
2022-05-30,ACC,EQ,2198.05,2208.0,2217.35,2196.15,2208.0,2208.35,2206.83,625645,138069386975000.0,26581,366139,0.5852
2022-05-31,ACC,EQ,2208.35,2214.9,2230.0,2190.35,2200.0,2198.4,2206.38,590767,130345439120000.0,29334,324270,0.5489
2022-06-01,ACC,EQ,2198.4,2205.9,2214.8,2182.5,2197.0,2195.85,2201.93,394675,86904719340000.0,19599,199654,0.5059
2022-06-02,ACC,EQ,2195.85,2190.0,2211.65,2186.05,2198.25,2198.75,2199.53,195697,43044128930000.0,14727,64478,0.3295
2022-06-03,ACC,EQ,2198.75,2205.5,2216.85,2122.2,2145.2,2133.1,2145.19,715122,153407044505000.0,29866,298476,0.41740000000000005
2022-06-06,ACC,EQ,2133.1,2144.9,2167.5,2130.55,2139.0,2138.25,2146.03,374121,80287422815000.0,21914,99414,0.2657
2022-06-07,ACC,EQ,2138.25,2133.0,2148.9,2088.0,2137.95,2138.35,2113.59,1062704,224612347969999.97,29805,641846,0.604
2022-06-08,ACC,EQ,2138.35,2145.0,2148.25,2113.6,2135.0,2135.5,2132.65,490375,104579945325000.0,44467,284442,0.58
2022-06-09,ACC,EQ,2135.5,2130.5,2150.0,2122.7,2137.7,2138.1,2140.01,335166,71725809000000.0,22134,144981,0.4326
2022-06-10,ACC,EQ,2138.1,2134.55,2153.95,2112.0,2134.75,2135.4,2137.65,283855,60678140245000.01,17896,122407,0.43119999999999997
2022-06-13,ACC,EQ,2135.4,2117.0,2129.0,2098.7,2116.0,2121.25,2115.71,231725,49026280075000.0,12983,77662,0.3351
2022-06-14,ACC,EQ,2121.25,2112.15,2130.0,2101.95,2107.0,2116.1,2113.91,302507,63947345310000.0,14745,150488,0.4975
2022-06-15,ACC,EQ,2116.1,2120.0,2131.0,2112.1,2120.0,2122.65,2121.71,205602,43622755410000.0,12777,103435,0.5031
2022-06-16,ACC,EQ,2122.65,2135.4,2139.9,2079.65,2082.8,2084.25,2101.24,253721,53312991090000.0,12168,92066,0.3629
2022-06-17,ACC,EQ,2084.25,2075.6,2108.3,2047.1,2055.0,2055.1,2068.4,492761,101922662155000.0,18659,238591,0.4842
2022-06-20,ACC,EQ,2055.1,2055.0,2085.55,2047.15,2063.95,2060.4,2066.56,446187,92207064550000.0,15845,221230,0.4958
2022-06-21,ACC,EQ,2060.4,2067.0,2090.05,2058.05,2085.0,2086.25,2073.37,290807,60294926525000.0,11507,136927,0.47090000000000004
2022-06-22,ACC,EQ,2086.25,2085.0,2085.9,2053.95,2063.6,2062.3,2068.74,403380,83448978330000.0,20146,255798,0.6341
2022-06-23,ACC,EQ,2062.3,2062.1,2097.85,2062.1,2095.0,2090.4,2083.18,149241,31089582350000.0,12707,32406,0.2954
2022-06-24,ACC,EQ,2090.4,2100.0,2116.2,2090.65,2099.15,2098.2,2100.72,236889,49763817480000.0,16620,96326,0.40659999999999996
2022-06-27,ACC,EQ,2098.2,2114.95,2128.2,2103.0,2110.7,2115.85,2116.19,235386,49812115085000.0,16596,81948,0.3481
2022-06-28,ACC,EQ,2115.85,2111.15,2134.2,2102.8,2130.65,2128.0,2122.78,137952,29284196295000.0,9601,49649,0.35990000000000005
2022-06-29,ACC,EQ,2128.0,2118.0,2160.0,2118.0,2146.4,2155.25,2144.73,548808,117704592320000.0,35884,297103,0.5414
2022-06-30,ACC,EQ,2155.25,2151.95,2156.0,2118.0,2125.0,2121.95,2128.71,307330,65421621135000.0,15359,173622,0.5649000000000001
2022-07-01,ACC,EQ,2121.95,2122.95,2174.0,2122.95,2171.7,2167.1,2155.75,284645,61362247315000.0,17683,101592,0.3569
2022-07-04,ACC,EQ,2167.1,2170.9,2186.9,2154.1,2156.3,2164.6,2168.11,169527,36755235785000.0,8570,63573,0.375
2022-07-05,ACC,EQ,2164.6,2156.0,2178.8,2144.05,2146.5,2148.05,2162.14,163386,35326262715000.0,8835,42365,0.2593
2022-07-06,ACC,EQ,2148.05,2148.05,2179.9,2148.0,2179.8,2174.35,2168.67,123949,26880502714999.996,10080,49225,0.3971
2022-07-07,ACC,EQ,2174.35,2188.0,2188.0,2157.3,2170.0,2168.35,2170.67,89864,19506472245000.0,7526,20241,0.2252
2022-07-08,ACC,EQ,2168.35,2175.0,2201.1,2159.85,2162.7,2169.35,2177.99,240521,52385208615000.0,13610,97624,0.40590000000000004
2022-07-11,ACC,EQ,2169.35,2164.4,2191.8,2136.9,2183.95,2184.3,2169.7,282881,61376781035000.0,16697,94671,0.3347
2022-07-12,ACC,EQ,2184.3,2181.0,2182.6,2156.0,2168.45,2167.25,2165.99,261604,56663209915000.0,12580,107991,0.4128
2022-07-13,ACC,EQ,2167.25,2177.0,2186.9,2164.0,2176.5,2173.55,2173.99,218371,47473595945000.0,8017,126332,0.5785
2022-07-14,ACC,EQ,2173.55,2178.0,2191.15,2148.0,2152.05,2160.3,2160.84,245807,53114890515000.0,19912,88312,0.3593
2022-07-15,ACC,EQ,2160.3,2132.05,2159.0,2111.0,2142.0,2140.35,2135.13,1004798,214537509135000.0,49058,111337,0.11080000000000001
2022-07-18,ACC,EQ,2140.35,2160.95,2179.9,2152.0,2172.05,2174.0,2169.64,296459,64320873135000.0,19001,150706,0.5084000000000001
2022-07-19,ACC,EQ,2174.0,2170.0,2184.9,2100.35,2168.2,2168.8,2169.71,202603,43958968635000.0,14771,93503,0.4615
2022-07-20,ACC,EQ,2168.8,2175.0,2179.6,2149.6,2157.7,2158.9,2166.29,252406,54678465175000.0,12272,107488,0.42590000000000006
2022-07-21,ACC,EQ,2158.9,2159.0,2179.9,2155.5,2178.0,2174.55,2173.15,408365,88743717535000.0,19503,224463,0.5497
2022-07-22,ACC,EQ,2174.55,2175.0,2200.4,2160.0,2187.45,2191.95,2181.84,594869,129791109245000.0,21984,240081,0.4036
2022-07-25,ACC,EQ,2191.95,2198.9,2213.0,2176.9,2203.95,2204.45,2196.19,379605,83368293365000.0,19802,135519,0.35700000000000004
2022-07-26,ACC,EQ,2204.45,2200.0,2209.95,2171.55,2180.25,2179.7,2180.95,232655,50740980990000.0,10323,99836,0.4291
2022-07-27,ACC,EQ,2179.7,2180.0,2197.65,2162.0,2191.6,2190.25,2179.91,348755,76025613725000.0,13420,135751,0.38920000000000005
2022-07-28,ACC,EQ,2190.25,2204.9,2204.9,2176.5,2180.05,2180.75,2185.44,249369,54498146095000.01,8731,121610,0.4877
2022-07-29,ACC,EQ,2180.75,2195.0,2238.9,2188.0,2224.8,2227.4,2221.76,418157,92904427470000.0,17698,162919,0.3896
2022-08-01,ACC,EQ,2227.4,2232.0,2234.0,2208.8,2230.0,2226.55,2224.57,286221,63671820870000.01,15087,159762,0.5582
2022-08-02,ACC,EQ,2226.55,2235.4,2262.6,2215.0,2226.0,2227.65,2237.35,563363,126043809690000.02,30125,209011,0.371
2022-08-03,ACC,EQ,2227.65,2233.95,2241.55,2204.2,2238.95,2236.4,2223.94,288612,64185662079999.99,15782,134200,0.465
2022-08-04,ACC,EQ,2236.4,2250.0,2250.0,2194.85,2218.0,2222.3,2223.26,437800,97334380745000.0,27084,222387,0.508
2022-08-05,ACC,EQ,2222.3,2230.15,2259.0,2218.6,2259.0,2254.8,2243.73,291021,65297184345000.01,28262,103247,0.35479999999999995
2022-08-08,ACC,EQ,2254.8,2260.0,2271.0,2220.3,2225.0,2224.6,2235.97,323076,72238701965000.0,18038,136991,0.424
2022-08-10,ACC,EQ,2224.6,2224.55,2234.8,2214.5,2234.8,2227.0,2221.38,200902,44628028830000.0,13080,105574,0.5255
2022-08-11,ACC,EQ,2227.0,2240.0,2242.6,2221.45,2227.0,2228.9,2228.64,158170,35250397770000.0,10288,76715,0.485
2022-08-12,ACC,EQ,2228.9,2225.0,2245.8,2213.55,2244.0,2227.6,2223.82,187340,41661046475000.0,11488,71785,0.3832
2022-08-16,ACC,EQ,2227.6,2248.0,2278.0,2239.2,2271.0,2271.35,2265.19,407096,92214851075000.0,20008,125739,0.3089
2022-08-17,ACC,EQ,2271.35,2280.0,2307.35,2272.0,2279.45,2283.15,2285.82,465269,106352169765000.0,15611,173743,0.37340000000000007
2022-08-18,ACC,EQ,2283.15,2280.0,2334.8,2275.2,2323.5,2322.85,2308.32,512571,118317654845000.0,31401,175777,0.3429
2022-08-19,ACC,EQ,2322.85,2330.1,2367.75,2271.95,2339.0,2350.85,2345.39,822726,192961292620000.0,50938,302344,0.3675
2022-08-22,ACC,EQ,2350.85,2359.95,2359.95,2277.05,2286.0,2282.95,2311.54,517330,119582647725000.0,38394,227767,0.4403
2022-08-23,ACC,EQ,2282.95,2264.6,2315.9,2264.6,2300.0,2296.05,2294.49,406760,93330656625000.0,33734,182185,0.4479
2022-08-24,ACC,EQ,2296.05,2296.0,2310.0,2280.55,2295.1,2301.65,2298.04,363437,83519448435000.0,36000,203560,0.5601
2022-08-25,ACC,EQ,2301.65,2306.5,2309.0,2281.15,2285.0,2284.2,2290.82,306034,70106909910000.0,17839,142903,0.467
2022-08-26,ACC,EQ,2284.2,2289.0,2306.15,2277.55,2286.0,2285.5,2289.45,582197,133291237055000.0,29566,306194,0.5259
2022-08-29,ACC,EQ,2285.5,2274.0,2298.0,2271.1,2288.3,2288.6,2286.13,360252,82358381940000.0,17448,171930,0.4772
2022-08-30,ACC,EQ,2288.6,2299.7,2304.75,2285.25,2298.0,2299.7,2295.51,915785,210219799685000.0,24521,577544,0.6307
2022-09-01,ACC,EQ,2299.7,2294.7,2314.35,2290.0,2295.0,2296.35,2298.67,282890,65027054025000.0,17029,140045,0.4951
2022-09-02,ACC,EQ,2296.35,2305.0,2307.35,2276.2,2286.5,2290.05,2289.78,1374277,314679855355000.0,16296,1116025,0.8120999999999999
2022-09-05,ACC,EQ,2290.05,2303.9,2305.0,2285.0,2286.0,2288.15,2292.36,245656,56313183410000.0,9059,82071,0.33409999999999995
2022-09-06,ACC,EQ,2288.15,2297.0,2354.9,2280.4,2348.15,2329.95,2301.87,1018694,234490250490000.0,39230,573086,0.5626
2022-09-07,ACC,EQ,2329.95,2340.0,2446.95,2329.0,2404.0,2405.35,2410.23,2631230,634186670185000.0,127551,557623,0.2119
2022-09-08,ACC,EQ,2405.35,2420.85,2452.5,2405.0,2416.55,2421.15,2423.58,1047830,253949988369999.97,52566,453229,0.4325
2022-09-09,ACC,EQ,2421.15,2448.0,2507.95,2352.05,2371.0,2365.6,2436.5,1690337,411851030835000.0,89613,403074,0.23850000000000002
2022-09-12,ACC,EQ,2365.6,2375.0,2514.65,2340.25,2511.0,2500.85,2451.33,1990854,488023250175000.0,119331,402483,0.2022
2022-09-13,ACC,EQ,2500.85,2513.4,2592.95,2510.1,2565.4,2572.8,2561.1,2058195,527125064514999.94,94650,504774,0.24530000000000002
2022-09-14,ACC,EQ,2572.8,2550.05,2785.0,2541.1,2728.8,2743.2,2673.66,4456168,1191429973370000.0,195259,757463,0.17
2022-09-15,ACC,EQ,2743.2,2770.05,2775.85,2683.0,2741.0,2747.7,2729.99,2083853,568889223135000.0,99277,300712,0.1443
2022-09-16,ACC,EQ,2747.7,2750.0,2755.0,2558.25,2628.0,2611.5,2654.39,2154427,571868716105000.0,101542,461585,0.21420000000000003
2022-09-19,ACC,EQ,2611.5,2624.0,2721.9,2577.0,2639.95,2641.1,2657.3,3716139,987488317290000.0,159687,641859,0.1727
2022-09-20,ACC,EQ,2641.1,2674.4,2762.0,2656.0,2720.0,2725.6,2713.68,1961065,532170080114999.94,104737,348496,0.1777
2022-09-21,ACC,EQ,2725.6,2703.9,2714.0,2523.1,2535.25,2531.2,2595.81,2989063,775903381580000.0,151524,461911,0.1545
2022-09-22,ACC,EQ,2531.2,2505.0,2578.9,2461.2,2572.0,2555.7,2535.9,2337503,592766782595000.0,106847,264694,0.11320000000000001
2022-09-23,ACC,EQ,2555.7,2575.0,2585.5,2472.2,2485.3,2488.9,2527.52,1396618,352997640405000.0,54365,261776,0.18739999999999998
2022-09-26,ACC,EQ,2488.9,2460.0,2476.0,2350.0,2358.6,2378.25,2398.26,1687672,404747280570000.0,81191,501755,0.2973
2022-09-27,ACC,EQ,2378.25,2390.0,2404.7,2313.1,2373.0,2373.45,2364.91,1483769,350898410645000.0,77440,289164,0.21059999999999998
2022-09-28,ACC,EQ,2373.45,2354.0,2409.0,2325.6,2349.0,2350.3,2367.88,1257484,297756618980000.0,62467,434539,0.3456
2022-09-29,ACC,EQ,2350.3,2370.0,2385.0,2321.3,2381.0,2374.05,2350.82,1159023,272465949260000.0,43968,405572,0.34990000000000004
2022-09-30,ACC,EQ,2374.05,2370.0,2428.0,2360.4,2419.8,2415.65,2399.57,896917,215221359355000.03,44486,234442,0.2614
2022-10-03,ACC,EQ,2415.65,2419.8,2434.9,2288.0,2299.0,2301.3,2351.51,1166442,274290353969999.97,48779,393514,0.33740000000000003
2022-10-04,ACC,EQ,2301.3,2355.0,2373.3,2288.05,2360.0,2359.65,2345.52,714858,167671318630000.0,35698,151688,0.2122
2022-10-06,ACC,EQ,2359.65,2371.45,2397.75,2344.0,2379.0,2381.75,2378.46,690259,164175133985000.0,36234,180302,0.2612
2022-10-07,ACC,EQ,2381.75,2370.15,2400.0,2350.0,2384.85,2384.75,2375.81,567262,134770748770000.0,28218,111532,0.1966
2022-10-10,ACC,EQ,2384.75,2350.0,2399.9,2350.0,2375.45,2369.25,2372.27,383666,91016040500000.0,22152,51053,0.1331
2022-10-11,ACC,EQ,2369.25,2375.05,2376.75,2305.7,2308.0,2311.65,2342.8,380893,89235581820000.0,21308,92002,0.2415
2022-10-12,ACC,EQ,2311.65,2318.0,2339.4,2282.1,2310.0,2316.8,2309.33,611941,141317227800000.0,26880,133914,0.2188
2022-10-13,ACC,EQ,2316.8,2316.0,2318.0,2242.9,2248.65,2253.9,2266.58,528138,119706781909999.98,26598,141453,0.26780000000000004
2022-10-14,ACC,EQ,2253.9,2272.0,2285.95,2237.05,2238.05,2243.65,2258.63,446497,100847012200000.0,28095,103252,0.23120000000000002
2022-10-17,ACC,EQ,2243.65,2232.0,2285.05,2205.3,2260.0,2270.1,2248.94,1512370,340123628285000.0,80089,309012,0.2043
2022-10-18,ACC,EQ,2270.1,2259.0,2293.2,2216.0,2219.0,2219.25,2240.03,1189726,266502157980000.03,67956,339975,0.2858
2022-10-19,ACC,EQ,2219.25,2219.0,2258.4,2212.55,2240.1,2246.45,2241.32,724058,162284364920000.0,38163,203685,0.2813
2022-10-20,ACC,EQ,2246.45,2230.0,2299.0,2227.95,2284.95,2287.6,2267.0,713402,161728361680000.0,39341,292190,0.4096
2022-10-21,ACC,EQ,2287.6,2271.0,2300.0,2241.05,2257.0,2256.55,2266.62,389554,88297221565000.0,24067,106260,0.3131
2022-10-24,ACC,EQ,2256.55,2265.25,2279.85,2252.3,2256.0,2257.1,2261.5,46329,10477312725000.0,2994,13673,0.29510000000000003
2022-10-25,ACC,EQ,2257.1,2260.05,2278.9,2242.8,2247.95,2247.5,2263.73,383657,86849484495000.0,18641,155896,0.40630000000000005
2022-10-27,ACC,EQ,2247.5,2275.0,2318.0,2250.4,2311.0,2313.0,2290.14,561435,128576459350000.0,29211,166064,0.2958
2022-10-28,ACC,EQ,2313.0,2315.0,2330.0,2284.0,2319.9,2324.45,2314.51,650727,150611691650000.0,27209,188508,0.4105
2022-10-31,ACC,EQ,2324.45,2347.4,2397.9,2327.9,2390.0,2390.3,2375.51,584214,138780882280000.0,29966,184112,0.31510000000000005
2022-11-01,ACC,EQ,2390.3,2399.0,2436.4,2386.55,2430.0,2428.05,2412.65,726935,175384247605000.0,28214,267149,0.3675
2022-11-02,ACC,EQ,2428.05,2430.0,2453.05,2415.0,2435.9,2440.0,2437.25,460821,112313671570000.0,21675,198558,0.43090000000000006
2022-11-03,ACC,EQ,2440.0,2410.0,2473.55,2410.0,2458.0,2455.35,2453.65,406672,99783175325000.0,25251,130329,0.32049999999999995
2022-11-04,ACC,EQ,2455.35,2462.0,2514.95,2459.3,2483.5,2480.7,2485.77,585433,145525152875000.0,32804,149032,0.2546
2022-11-07,ACC,EQ,2480.7,2486.5,2504.3,2452.15,2484.3,2484.95,2484.43,470005,116769671630000.0,25264,126269,0.2687
2022-11-09,ACC,EQ,2484.95,2484.95,2505.0,2424.95,2433.0,2438.35,2465.38,675313,166490638900000.0,36477,257392,0.3811
2022-11-10,ACC,EQ,2438.35,2428.0,2464.0,2378.75,2393.95,2392.25,2414.12,513144,123879027190000.02,24640,184948,0.3604
2022-11-11,ACC,EQ,2392.25,2424.8,2433.75,2383.0,2394.0,2390.65,2408.57,276834,66677320379999.99,12897,94655,0.3419
2022-11-14,ACC,EQ,2390.65,2400.0,2456.7,2379.0,2431.5,2435.45,2427.34,557530,135331369350000.0,28375,203541,0.3651
2022-11-15,ACC,EQ,2435.45,2447.65,2514.75,2442.1,2480.5,2478.65,2481.41,1003908,249110490790000.0,48446,163465,0.16280000000000003
2022-11-16,ACC,EQ,2478.65,2463.65,2511.25,2442.05,2463.0,2465.6,2480.66,693470,172026077100000.0,49095,198973,0.3323
2022-11-17,ACC,EQ,2465.6,2464.0,2482.45,2440.55,2443.0,2448.15,2458.87,188784,46419533430000.0,13238,34281,0.1816
2022-11-18,ACC,EQ,2448.15,2456.0,2470.0,2414.75,2462.0,2460.7,2441.51,540609,131990013720000.0,24944,206708,0.3824
2022-11-21,ACC,EQ,2460.7,2452.7,2463.5,2418.95,2444.85,2456.75,2443.68,433180,105855388785000.0,20421,118305,0.2731
2022-11-22,ACC,EQ,2456.75,2458.0,2493.95,2440.05,2457.5,2460.85,2471.06,290733,71841979375000.0,17854,44548,0.1532
2022-11-23,ACC,EQ,2460.85,2469.9,2480.0,2444.05,2460.0,2458.9,2461.49,278487,68549321560000.0,16756,60459,0.21710000000000002
2022-11-24,ACC,EQ,2458.9,2456.0,2473.0,2447.7,2462.95,2461.35,2460.15,310621,76417553570000.0,16038,106608,0.3432
2022-11-25,ACC,EQ,2461.35,2468.8,2515.0,2455.65,2514.0,2507.25,2489.44,450737,112208227730000.0,23057,120870,0.2682
2022-11-28,ACC,EQ,2507.25,2515.0,2543.0,2500.2,2525.35,2527.1,2525.91,876480,221391341125000.0,39106,241062,0.275
2022-11-29,ACC,EQ,2527.1,2538.0,2562.0,2506.0,2514.0,2514.05,2536.22,474639,120378658550000.0,25533,107955,0.2274
2022-11-30,ACC,EQ,2514.05,2516.95,2570.0,2507.55,2560.1,2563.25,2545.32,565921,144044764845000.0,27338,258081,0.456
2022-12-01,ACC,EQ,2563.25,2568.0,2603.95,2550.0,2577.0,2577.35,2577.92,770271,198569638215000.0,30935,204876,0.266
2022-12-02,ACC,EQ,2577.35,2589.0,2625.65,2555.0,2610.0,2609.3,2595.65,816152,211844634935000.0,48342,293033,0.359
2022-12-05,ACC,EQ,2609.3,2610.2,2628.8,2594.0,2622.05,2621.1,2614.16,458990,119987131830000.0,42225,200755,0.4374
2022-12-06,ACC,EQ,2621.1,2610.0,2656.85,2608.05,2618.1,2621.15,2631.72,599147,157678833695000.0,37564,229633,0.3833
2022-12-07,ACC,EQ,2621.15,2619.85,2643.8,2598.6,2600.4,2605.95,2615.12,418544,109454443284999.98,24413,142452,0.3404
2022-12-08,ACC,EQ,2605.95,2602.0,2634.0,2602.0,2623.1,2621.25,2617.52,337427,88322256445000.0,17629,148721,0.44079999999999997
2022-12-09,ACC,EQ,2621.25,2638.0,2642.4,2594.9,2626.9,2619.5,2616.37,491049,128476378080000.0,27649,203867,0.4152
2022-12-12,ACC,EQ,2619.5,2614.7,2653.0,2595.0,2649.0,2642.4,2635.65,306720,80840638850000.0,21327,90341,0.2945
2022-12-13,ACC,EQ,2642.4,2662.0,2675.0,2643.0,2659.5,2659.55,2659.23,429720,114272547995000.0,27399,160231,0.3729
2022-12-14,ACC,EQ,2659.55,2663.05,2675.0,2657.0,2661.75,2668.6,2667.64,226019,60293753604999.99,14082,92380,0.4087
2022-12-15,ACC,EQ,2668.6,2661.75,2672.0,2611.0,2624.95,2635.5,2656.21,439279,116681566620000.0,19121,255754,0.5822
2022-12-16,ACC,EQ,2635.5,2610.1,2655.0,2595.35,2619.95,2616.75,2620.66,433332,113561794205000.0,23279,183726,0.424
2022-12-19,ACC,EQ,2616.75,2612.95,2645.95,2600.2,2639.9,2638.5,2630.16,184905,48633008595000.0,10844,36739,0.19870000000000002
2022-12-20,ACC,EQ,2638.5,2635.0,2635.0,2570.55,2593.05,2592.5,2593.77,271075,70310510715000.0,15565,78615,0.29
